{

"images": [
    "assets.png"
],

"framerate": 20,
"frames": [
    [1, 1, 600, 260, 0, 0, 0],
    [1, 263, 600, 260, 0, 0, 0],
    [1, 525, 64, 32, 0, 0, 0],
    [67, 525, 24, 32, 0, 11, 16],
    [67, 525, 24, 32, 0, 11, 16],
    [67, 525, 24, 32, 0, 11, 16],
    [67, 525, 24, 32, 0, 11, 16],
    [93, 525, 23, 32, 0, 11, 16],
    [93, 525, 23, 32, 0, 11, 16],
    [118, 525, 20, 32, 0, 10, 16],
    [140, 525, 20, 32, 0, 10, 16],
    [162, 525, 20, 32, 0, 10, 16],
    [184, 525, 20, 32, 0, 10, 16],
    [206, 525, 18, 32, 0, 11, 16],
    [226, 525, 17, 32, 0, 8, 16],
    [226, 525, 17, 32, 0, 8, 16],
    [226, 525, 17, 32, 0, 8, 16],
    [245, 525, 17, 32, 0, 7, 16],
    [245, 525, 17, 32, 0, 7, 16],
    [245, 525, 17, 32, 0, 7, 16],
    [264, 525, 17, 32, 0, 8, 16],
    [283, 525, 14, 32, 0, 7, 16],
    [283, 525, 14, 32, 0, 7, 16],
    [283, 525, 14, 32, 0, 7, 16],
    [299, 525, 8, 13, 0, 4, 5],
    [299, 525, 8, 13, 0, 4, 5],
    [299, 525, 8, 13, 0, 4, 5],
    [309, 525, 8, 13, 0, 4, 5],
    [309, 525, 8, 13, 0, 4, 5],
    [309, 525, 8, 13, 0, 4, 5],
    [319, 525, 8, 13, 0, 4, 5],
    [319, 525, 8, 13, 0, 4, 5],
    [319, 525, 8, 13, 0, 4, 5],
    [329, 525, 8, 13, 0, 4, 5],
    [329, 525, 8, 13, 0, 4, 5],
    [329, 525, 8, 13, 0, 4, 5],
    [339, 525, 8, 13, 0, 4, 5],
    [339, 525, 8, 13, 0, 4, 5],
    [339, 525, 8, 13, 0, 4, 5],
    [339, 525, 8, 13, 0, 4, 5],
    [339, 525, 8, 13, 0, 4, 5],
    [349, 525, 8, 13, 0, 4, 5],
    [349, 525, 8, 13, 0, 4, 5],
    [359, 525, 8, 13, 0, 4, 5],
    [359, 525, 8, 13, 0, 4, 5],
    [369, 525, 8, 13, 0, 4, 5]
],

"animations": {
    "_600x2602DGrass&amp;NightSky": { "frames": [0] },
    "_600x260Grass_": { "frames": [1] },
    "placeholderPlatform": { "frames": [2] },
    "Astronaught/Astronaught sidenoJetypack": { "frames": [21] },
    "Astronaught/Astronaught sidenoJetypackRunning": { "frames": [4] },
    "Astronaught/Astronaught sidenoJetypackRunning1": { "frames": [5] },
    "Astronaught/Run/sideRunningRight": { "frames": [6, 15, 22, 18, 8, 19, 23, 16] },
    "Astronaught/Astronaught sidenoJetypackRunning3": { "frames": [7] },
    "Astronaught/AstronaughtBack": { "frames": [9] },
    "Astronaught/AstronaughtBacknojetpack": { "frames": [10] },
    "Astronaught/AstronaughtColor": { "frames": [11] },
    "Astronaught/AstronaughtColorWithOutline": { "frames": [12] },
    "Astronaught/Astronaught side": { "frames": [13] },
    "Astronaught/Astronaught sidenoJetypackRunning2": { "frames": [14] },
    "Astronaught/Astronaught sidenoJetypackRunning4": { "frames": [17] },
    "Astronaught/Astronaught": { "frames": [20] },
    "fireball/attack": { "frames": [24, 42, 44, 26, 39, 29, 32, 35, 40, 27, 30, 33, 36, 25, 41, 43, 37, 28, 31, 34, 38, 45] }
},

"texturepacker": [
        "SmartUpdateHash: $TexturePacker:SmartUpdate:d5ee5273389f81831ce2e6479fa2265a:d7bf415e6b32f04427dce1b9bd54776b:a759b6bbc8381ac9c472b28f589ad0d6$",
        "Created with TexturePacker (https://www.codeandweb.com/texturepacker) for EaselJS"
]

}
