{

"images": [
    "assets.png"
],

"framerate": 20,
"frames": [
    [1, 1, 8, 13, 0, 4, 5],
    [1, 1, 8, 13, 0, 4, 5],
    [1, 1, 8, 13, 0, 4, 5],
    [11, 1, 8, 13, 0, 4, 5],
    [11, 1, 8, 13, 0, 4, 5],
    [11, 1, 8, 13, 0, 4, 5],
    [21, 1, 8, 13, 0, 4, 5],
    [21, 1, 8, 13, 0, 4, 5],
    [21, 1, 8, 13, 0, 4, 5],
    [31, 1, 8, 13, 0, 4, 5],
    [31, 1, 8, 13, 0, 4, 5],
    [31, 1, 8, 13, 0, 4, 5],
    [41, 1, 8, 13, 0, 4, 5],
    [41, 1, 8, 13, 0, 4, 5],
    [41, 1, 8, 13, 0, 4, 5],
    [41, 1, 8, 13, 0, 4, 5],
    [41, 1, 8, 13, 0, 4, 5],
    [51, 1, 8, 13, 0, 4, 5],
    [51, 1, 8, 13, 0, 4, 5],
    [61, 1, 8, 13, 0, 4, 5],
    [61, 1, 8, 13, 0, 4, 5],
    [71, 1, 8, 13, 0, 4, 5],
    [81, 1, 24, 26, 0, 12, 12],
    [107, 1, 22, 27, 0, 11, 14],
    [131, 1, 26, 28, 0, 13, 14],
    [131, 1, 26, 28, 0, 13, 14],
    [159, 1, 26, 28, 0, 13, 14],
    [187, 1, 26, 28, 0, 13, 14],
    [215, 1, 20, 29, 0, 10, 13],
    [215, 1, 20, 29, 0, 10, 13],
    [237, 1, 20, 32, 0, 10, 16],
    [259, 1, 14, 32, 0, 7, 16],
    [259, 1, 14, 32, 0, 7, 16],
    [275, 1, 17, 32, 0, 8, 16],
    [275, 1, 17, 32, 0, 8, 16],
    [294, 1, 24, 32, 0, 11, 16],
    [320, 1, 17, 32, 0, 7, 16],
    [320, 1, 17, 32, 0, 7, 16],
    [339, 1, 23, 32, 0, 11, 16],
    [364, 1, 20, 32, 0, 10, 16],
    [386, 1, 20, 32, 0, 10, 16],
    [408, 1, 17, 32, 0, 8, 16],
    [427, 1, 18, 32, 0, 11, 16],
    [447, 1, 64, 32, 0, 32, 0],
    [1, 35, 600, 260, 0, 0, 0],
    [603, 1, 400, 2000, 0, 0, 0]
],

"animations": {
    "fireball/attack": { "frames": [0, 18, 20, 2, 15, 5, 8, 11, 16, 3, 6, 9, 12, 1, 17, 19, 13, 4, 7, 10, 14, 21] },
    "Astronaught/Jump/Jump5": { "frames": [22] },
    "Astronaught/Jump/Jump2": { "frames": [23] },
    "Astronaught/Falling/falling-ghost": { "frames": [24] },
    "Astronaught/Falling/falling": { "frames": [25] },
    "Astronaught/Jump/Jump3": { "frames": [26] },
    "Astronaught/Jump/Jump4": { "frames": [27] },
    "Astronaught/Jump": { "frames": [28] },
    "Astronaught/Jump/Jump1": { "frames": [29] },
    "Astronaught/Back-Jetpack": { "frames": [30] },
    "Astronaught/Run/sideRunning": { "frames": [31, 33, 35, 34, 32, 36, 38, 37] },
    "Astronaught/idle-Back": { "frames": [39] },
    "Astronaught/idle-Color": { "frames": [40] },
    "Astronaught/idle-nocolor": { "frames": [41] },
    "Astronaught/side-Jetpack": { "frames": [42] },
    "placeholderPlatform": { "frames": [43] },
    "_600x260Grass_": { "frames": [44] },
    "Space Background": { "frames": [45] }
},

"texturepacker": [
        "SmartUpdateHash: $TexturePacker:SmartUpdate:e866f3f8c330bcad4019a817ae2ed617:3e82dbc8372f998d4fa553452dd4faf6:a759b6bbc8381ac9c472b28f589ad0d6$",
        "Created with TexturePacker (https://www.codeandweb.com/texturepacker) for EaselJS"
]

}
