{

"images": [
    "assets.png"
],

"framerate": 20,
"frames": [
    [1, 1, 400, 2000, 0, 0, 0],
    [403, 1, 600, 260, 0, 0, 0],
    [403, 263, 64, 32, 0, 32, 0],
    [469, 263, 64, 27, 0, 32, 14],
    [535, 263, 64, 25, 0, 32, 13],
    [535, 263, 64, 25, 0, 32, 13],
    [535, 263, 64, 25, 0, 32, 13],
    [535, 263, 64, 25, 0, 32, 13],
    [535, 263, 64, 25, 0, 32, 13],
    [535, 263, 64, 25, 0, 32, 13],
    [535, 263, 64, 25, 0, 32, 13],
    [535, 263, 64, 25, 0, 32, 13],
    [601, 263, 64, 25, 0, 32, 13],
    [601, 263, 64, 25, 0, 32, 13],
    [601, 263, 64, 25, 0, 32, 13],
    [601, 263, 64, 25, 0, 32, 13],
    [601, 263, 64, 25, 0, 32, 13],
    [601, 263, 64, 25, 0, 32, 13],
    [601, 263, 64, 25, 0, 32, 13],
    [601, 263, 64, 25, 0, 32, 13],
    [667, 263, 64, 24, 0, 32, 13],
    [667, 263, 64, 24, 0, 32, 13],
    [667, 263, 64, 24, 0, 32, 13],
    [667, 263, 64, 24, 0, 32, 13],
    [667, 263, 64, 24, 0, 32, 13],
    [667, 263, 64, 24, 0, 32, 13],
    [667, 263, 64, 24, 0, 32, 13],
    [667, 263, 64, 24, 0, 32, 13],
    [667, 263, 64, 24, 0, 32, 13],
    [667, 263, 64, 24, 0, 32, 13],
    [667, 263, 64, 24, 0, 32, 13],
    [667, 263, 64, 24, 0, 32, 13],
    [733, 263, 64, 24, 0, 32, 13],
    [733, 263, 64, 24, 0, 32, 13],
    [733, 263, 64, 24, 0, 32, 13],
    [733, 263, 64, 24, 0, 32, 13],
    [733, 263, 64, 24, 0, 32, 13],
    [733, 263, 64, 24, 0, 32, 13],
    [733, 263, 64, 24, 0, 32, 13],
    [733, 263, 64, 24, 0, 32, 13],
    [799, 263, 63, 28, 0, 31, 13],
    [799, 263, 63, 28, 0, 31, 13],
    [667, 289, 63, 28, 0, 31, 13],
    [732, 289, 63, 23, 0, 31, 8],
    [535, 290, 63, 23, 0, 31, 9],
    [469, 292, 59, 29, 0, 30, 13],
    [403, 297, 58, 27, 0, 31, 12],
    [600, 290, 57, 27, 0, 28, 11],
    [530, 315, 52, 22, 0, 31, 7],
    [584, 315, 14, 32, 0, 7, 16],
    [584, 315, 14, 32, 0, 7, 16],
    [584, 315, 14, 32, 0, 7, 16],
    [584, 315, 14, 32, 0, 7, 16],
    [584, 315, 14, 32, 0, 7, 16],
    [584, 315, 14, 32, 0, 7, 16],
    [463, 323, 32, 32, 0, 16, 16],
    [497, 323, 31, 21, 0, 15, 10],
    [530, 339, 32, 17, 0, 16, 3],
    [564, 339, 18, 32, 0, 11, 16],
    [497, 346, 30, 18, 0, 15, 5],
    [529, 358, 30, 14, 0, 15, 3],
    [403, 326, 26, 28, 0, 13, 14],
    [403, 326, 26, 28, 0, 13, 14],
    [403, 326, 26, 28, 0, 13, 14],
    [403, 326, 26, 28, 0, 13, 14],
    [431, 326, 26, 28, 0, 13, 14],
    [431, 326, 26, 28, 0, 13, 14],
    [431, 326, 26, 28, 0, 13, 14],
    [431, 326, 26, 28, 0, 13, 14],
    [403, 356, 26, 28, 0, 13, 14],
    [403, 356, 26, 28, 0, 13, 14],
    [431, 356, 26, 28, 0, 13, 14],
    [431, 356, 26, 28, 0, 13, 14],
    [459, 357, 26, 18, 0, 13, 5],
    [487, 357, 8, 13, 0, 4, 5],
    [487, 357, 8, 13, 0, 4, 5],
    [487, 357, 8, 13, 0, 4, 5],
    [497, 366, 24, 32, 0, 11, 16],
    [497, 366, 24, 32, 0, 11, 16],
    [497, 366, 24, 32, 0, 11, 16],
    [487, 372, 8, 13, 0, 4, 5],
    [487, 372, 8, 13, 0, 4, 5],
    [487, 372, 8, 13, 0, 4, 5],
    [459, 377, 24, 26, 0, 12, 12],
    [459, 377, 24, 26, 0, 12, 12],
    [459, 377, 24, 26, 0, 12, 12],
    [485, 387, 8, 13, 0, 4, 5],
    [485, 387, 8, 13, 0, 4, 5],
    [485, 387, 8, 13, 0, 4, 5],
    [403, 386, 23, 32, 0, 11, 16],
    [403, 386, 23, 32, 0, 11, 16],
    [403, 386, 23, 32, 0, 11, 16],
    [428, 386, 22, 30, 0, 11, 14],
    [428, 386, 22, 30, 0, 11, 14],
    [428, 386, 22, 30, 0, 11, 14],
    [864, 263, 20, 32, 0, 10, 16],
    [797, 293, 20, 32, 0, 10, 16],
    [819, 293, 20, 32, 0, 10, 16],
    [841, 293, 20, 29, 0, 10, 13],
    [841, 293, 20, 29, 0, 10, 13],
    [841, 293, 20, 29, 0, 10, 13],
    [732, 314, 17, 32, 0, 8, 16],
    [732, 314, 17, 32, 0, 8, 16],
    [732, 314, 17, 32, 0, 8, 16],
    [732, 314, 17, 32, 0, 8, 16],
    [732, 314, 17, 32, 0, 8, 16],
    [732, 314, 17, 32, 0, 8, 16],
    [751, 314, 17, 32, 0, 7, 16],
    [751, 314, 17, 32, 0, 7, 16],
    [751, 314, 17, 32, 0, 7, 16],
    [751, 314, 17, 32, 0, 7, 16],
    [751, 314, 17, 32, 0, 7, 16],
    [751, 314, 17, 32, 0, 7, 16],
    [770, 314, 17, 32, 0, 8, 16],
    [886, 263, 8, 13, 0, 4, 5],
    [886, 263, 8, 13, 0, 4, 5],
    [886, 263, 8, 13, 0, 4, 5],
    [896, 263, 8, 13, 0, 4, 5],
    [896, 263, 8, 13, 0, 4, 5],
    [896, 263, 8, 13, 0, 4, 5],
    [896, 263, 8, 13, 0, 4, 5],
    [896, 263, 8, 13, 0, 4, 5],
    [906, 263, 8, 13, 0, 4, 5],
    [906, 263, 8, 13, 0, 4, 5],
    [916, 263, 8, 13, 0, 4, 5],
    [916, 263, 8, 13, 0, 4, 5],
    [926, 263, 8, 13, 0, 4, 5]
],

"animations": {
    "Space Background": { "frames": [0] },
    "_600x260Grass_": { "frames": [1] },
    "placeholderPlatform": { "frames": [2] },
    "your Final Score was...": { "frames": [3] },
    "Instructions/clickAnywhereToStart": { "frames": [20, 25, 30, 31, 7, 8, 9, 10, 11, 4, 5, 6, 21, 22, 23, 24, 12, 13, 14, 15, 16, 17, 18, 19, 26, 27, 28, 29, 32, 33, 34, 35, 36, 37, 38, 39] },
    "Platforms/Comet/Comet_": { "frames": [40] },
    "Platforms/Comet/Comet": { "frames": [41, 42, 44, 48, 46] },
    "Platforms/Comet/CometLarge": { "frames": [43] },
    "Instructions/clickAndHoldPlayer": { "frames": [45] },
    "Platforms/Astroid2": { "frames": [47] },
    "Astronaught/Run/sideRunning": { "frames": [49, 53, 54, 104, 105, 106, 77, 78, 79, 101, 102, 103, 50, 51, 52, 107, 108, 109, 89, 90, 91, 110, 111, 112] },
    "AstroHopShieldPlaceHolder": { "frames": [55] },
    "Platforms/Astroid": { "frames": [56] },
    "Platforms/Dirt": { "frames": [57] },
    "Astronaught/side-Jetpack": { "frames": [58] },
    "Platforms/rocketpad2": { "frames": [59] },
    "Platforms/Branches/BranchPlatform": { "frames": [60] },
    "Astronaught/Falling/falling": { "frames": [61, 62, 63, 64, 71, 72, 66, 67, 68, 65, 69, 70] },
    "Platforms/rocket pad": { "frames": [73] },
    "fireball/attack": { "frames": [74, 123, 125, 76, 120, 82, 88, 116, 121, 80, 86, 114, 117, 75, 122, 124, 118, 81, 87, 115, 119, 126] },
    "Astronaught/Jump/Jump": { "frames": [83, 84, 85, 98, 99, 100, 92, 93, 94] },
    "Astronaught/Back-Jetpack": { "frames": [95] },
    "Astronaught/idle-Back": { "frames": [96] },
    "Astronaught/idle-Color": { "frames": [97] },
    "Astronaught/idle-nocolor": { "frames": [113] }
},

"texturepacker": [
        "SmartUpdateHash: $TexturePacker:SmartUpdate:d5c29876c8a95ab5ae8dd5585478bbf8:8101a36a672b1caf6142c5ca30731582:a759b6bbc8381ac9c472b28f589ad0d6$",
        "Created with TexturePacker (https://www.codeandweb.com/texturepacker) for EaselJS"
]

}
