{

"images": [
    "glyphs.png"
],

"framerate": 20,
"frames": [
    [1, 1, 22, 23, 0, 0, -23],
    [25, 1, 22, 23, 0, 0, -23],
    [49, 1, 22, 23, 0, 0, -23],
    [73, 1, 22, 23, 0, 0, -23],
    [97, 1, 22, 23, 0, 0, -23],
    [121, 1, 21, 23, 0, 0, -23],
    [144, 1, 21, 23, 0, 0, -23],
    [167, 1, 21, 23, 0, 0, -23],
    [190, 1, 21, 23, 0, 0, -23],
    [213, 1, 19, 23, 0, 0, -23]
],

"animations": {
    "0": { "frames": [5] },
    "1": { "frames": [9] },
    "2": { "frames": [0] },
    "3": { "frames": [1] },
    "4": { "frames": [6] },
    "5": { "frames": [7] },
    "6": { "frames": [2] },
    "7": { "frames": [3] },
    "8": { "frames": [4] },
    "9": { "frames": [8] }
},

"texturepacker": [
        "SmartUpdateHash: $TexturePacker:SmartUpdate:400510ea4ddc8144970c103f46f59ae0:0572e6a63176de1f15df1bbd67e51532:a70807ce2de67574c873d583b818abb7$",
        "Created with TexturePacker (https://www.codeandweb.com/texturepacker) for EaselJS"
]

}
